{"textures":{"p":"danse:item/model","particle":"#p"},"elements":[{"from":[4.0,0.0,6.0],"to":[6.666666666666666,0.6666666666666666,8.0],"faces":{"down":{"uv":[0,0,16,16],"texture":"#p","tintindex":0}}}],"display":{"head":{"translation":[-0.9575,0.5,0.0],"scale":[0.3225,1.40625,0.46875]}}}