{"textures":{"p":"danse:item/model","particle":"#p"},"elements":[{"from":[6.0,3.333333333333333,10.0],"to":[8.0,3.9999999999999996,12.0],"faces":{"south":{"uv":[0,0,16,16],"texture":"#p","tintindex":0}}}],"display":{"head":{"translation":[0.125,-1.74,0.0],"scale":[0.46875,1.40625,0.46875]}}}