{"textures":{"p":"danse:item/model","particle":"#p"},"elements":[{"from":[6.0,4.666666666666666,10.0],"to":[8.0,5.333333333333333,12.0],"faces":{"south":{"uv":[0,0,16,16],"texture":"#p","tintindex":0}}}],"display":{"head":{"translation":[0.35,0.5,0.0],"scale":[0.46875,1.40625,0.46875]}}}