{"textures":{"p":"danse:item/model","particle":"#p"},"elements":[{"from":[4.0,0.6666666666666666,4.0],"to":[6.0,1.3333333333333333,6.0],"faces":{"west":{"uv":[0,0,16,16],"texture":"#p","tintindex":0}}}],"display":{"head":{"translation":[0.35,0.5,0.0],"scale":[0.46875,1.40625,0.46875]}}}